Workbook

Sheet GTA Eligible
A1: Term | B1: CRN | C1: Course | D1: Sec | E1: Title | F1: Course Type | G1: Meeting Dates | H1: Time | I1: Days | J1: Hrs | K1: Room | L1: Instructor | M1: Seat | N1: Enr | O1: Crosslisted Enr | P1: Total Enr | Q1: Prefer TA 1 | R1: Prefer TA 2 | S1: Prefer TA 3 | T1: In Class | U1: Office Hours | V1: Grading | W1: Time commitment | X1: Notes
A2: 202550 | B2: 2141 | C2: COMP 1351 | D2: 0 | E2: Introduction to Programming I | F2: Lecture/Lab | G2: 21-JUN-2025 to 22-AUG-2025 | J2: 3 | L2: Malaver Alvarado, Juan A. | M2: 20 | N2: 2 | O2: 0 | P2: 2
A3: 202550 | B3: 1873 | C3: COMP 3421 | D3: 0 | E3: Database Organization & Mgmt I | F3: Online/Distance | G3: 14-JUN-2025 to 22-AUG-2025 | H3: 5:00PM-6:50PM | I3: R | J3: 4 | L3: Mashinchi, Navid | M3: 20 | N3: 18 | O3: 0 | P3: 18
A4: 202550 | B4: 1886 | C4: COMP 3433 | D4: 3 | E4: Data Visualization | F4: Online/Distance | G4: 14-JUN-2025 to 22-AUG-2025 | H4: 7:00PM-8:50PM | I4: R | J4: 4 | L4: Siebrase, Benjamin E. | M4: 10 | N4: 8 | O4: 6 | P4: 14
A5: 202550 | B5: 1938 | C5: COMP 3704 | D5: 0 | E5: Advanced Topics: Systems | F5: Lecture | G5: 21-JUN-2025 to 22-AUG-2025 | H5: 5:00PM-6:50PM | I5: M,W | J5: 4 | K5: ECS 300 | L5: Hannum, Andrew T. | M5: 20 | N5: 6 | O5: 18 | P5: 24
A6: 202550 | B6: 1874 | C6: COMP 4334 | D6: 1 | E6: Parallel & Distrib Comp for DS | F6: Online/Distance | G6: 14-JUN-2025 to 22-AUG-2025 | H6: 7:00PM-8:50PM | I6: M | J6: 4 | L6: Daskevich, Ronald J. | M6: 25 | N6: 9 | O6: 0 | P6: 9
A7: 202550 | B7: 1875 | C7: COMP 4432 | D7: 2 | E7: Machine Learning | F7: Online/Distance | G7: 14-JUN-2025 to 22-AUG-2025 | H7: 5:00PM-6:50PM | I7: W | J7: 4 | L7: Sawle, Paul L. | M7: 25 | N7: 13 | O7: 0 | P7: 13
A8: 202550 | B8: 1878 | C8: COMP 4433 | D8: 0 | E8: Data Visualization | F8: Online/Distance | G8: 14-JUN-2025 to 22-AUG-2025 | H8: 7:00PM-8:50PM | I8: R | J8: 4 | L8: Siebrase, Benjamin E. | M8: 15 | N8: 6 | O8: 8 | P8: 14
A9: 202550 | B9: 1879 | C9: COMP 4442 | D9: 1 | E9: Probability and Statistics 2 | F9: Online/Distance | G9: 14-JUN-2025 to 22-AUG-2025 | H9: 5:00PM-6:50PM | I9: W | J9: 4 | M9: 25 | N9: 3 | O9: 0 | P9: 3
A10: 202550 | B10: 2238 | C10: COMP 4447 | D10: 1 | E10: Data Science Tools 1 | F10: Lecture | G10: 14-JUN-2025 to 22-AUG-2025 | J10: 4 | M10: 25 | N10: 0 | O10: 0 | P10: 0
A11: 202550 | B11: 1884 | C11: COMP 4447 | D11: 2 | E11: Data Science Tools 1 | F11: Lecture | G11: 14-JUN-2025 to 22-AUG-2025 | H11: 5:00PM-6:50PM | I11: T,R | J11: 4 | K11: ECS 301 | L11: Parada San Martin, Daniel A. | M11: 25 | N11: 6 | O11: 0 | P11: 6
A12: 202550 | B12: 1197 | C12: COMP 4455 | D12: 1 | E12: Shell Scripting & Sys Tools | F12: Lecture/Lab | G12: 21-JUN-2025 to 22-AUG-2025 | H12: 7:00PM-8:50PM | I12: M,W | J12: 4 | K12: ECS 201 | L12: Evans, Nathan S. | M12: 30 | N12: 21 | O12: 0 | P12: 21
A13: 202550 | B13: 1882 | C13: COMP 4531 | D13: 0 | E13: Deep Learning | F13: Online/Distance | G13: 14-JUN-2025 to 22-AUG-2025 | H13: 5:00PM-6:50PM | I13: T | J13: 4 | L13: Dalton, Donald A. | M13: 25 | N13: 5 | O13: 0 | P13: 5
A14: 202550 | B14: 1937 | C14: COMP 4704 | D14: 0 | E14: Advanced Topics-Systems | F14: Lecture | G14: 21-JUN-2025 to 22-AUG-2025 | H14: 5:00PM-6:50PM | I14: M,W | J14: 4 | K14: ECS 300 | L14: Hannum, Andrew T. | M14: 17 | N14: 18 | O14: 6 | P14: 24
A15: 202550 | B15: 1898 | C15: COMP 4705 | D15: 0 | E15: Advanced Topics-Programming | F15: Online/Distance | G15: 14-JUN-2025 to 22-AUG-2025 | H15: 7:00PM-8:50PM | I15: T | J15: 4 | L15: Rasool, Rahim | M15: 25 | N15: 13 | O15: 0 | P15: 13
A16: 202550 | B16: 1198 | C16: COMP 4799 | D16: 1 | E16: Cybersecurity Capstone | F16: Lecture/Lab | G16: 21-JUN-2025 to 22-AUG-2025 | J16: 4 | L16: Evans, Nathan S. | M16: 30 | N16: 15 | O16: 0 | P16: 15

Sheet Faculty Preferences
A1: Ericka Corral Yanez | B1: Sunny Shrestha | C1: Faiza Tazi | D1: Suleiman Saka | E1: Juan Malaver Alvarado | F1: Sean Perman | G1: Galen Metzger | H1: Elijah Alabi | I1: Elizabeth Cockerell | J1: Sherif Bakr | K1: Kristian Moen | L1: Demi Jaiyeola | M1: Lombe Chileshe | N1: Jordan Sinclair | O1: Yousra Shleibik | P1: Jay Sharma | Q1: Yulia Kim | R1: Bryson Timper | S1: Theo Canji

Sheet User Edits
A1: Term | B1: CRN | C1: Course | D1: Sec | E1: Title | F1: Course Type | G1: Meeting Dates | H1: Time | I1: Days | J1: Hrs | K1: Room | L1: Instructor | M1: Seat | N1: Enr | O1: Crosslisted Enr | P1: Total Enr | Q1: Prefer TA 1 | R1: Prefer TA 2 | S1: Prefer TA 3 | T1: In Class | U1: Office Hours | V1: Grading | W1: Time commitment | X1: Notes
A2: =XLOOKUP($B2,'GTA Eligible'!$B$2:$B$16,'GTA Eligible'!$A$2:$A$16,"") | B2: 2141 | C2: =XLOOKUP($B2,'GTA Eligible'!$B$2:$B$16,'GTA Eligible'!$C$2:$C$16,"") | D2: =XLOOKUP($B2,'GTA Eligible'!$B$2:$B$16,'GTA Eligible'!$D$2:$D$16,"") | E2: =XLOOKUP($B2,'GTA Eligible'!$B$2:$B$16,'GTA Eligible'!$E$2:$E$16,"") | F2: =XLOOKUP($B2,'GTA Eligible'!$B$2:$B$16,'GTA Eligible'!$F$2:$F$16,"") | G2: =XLOOKUP($B2,'GTA Eligible'!$B$2:$B$16,'GTA Eligible'!$G$2:$G$16,"") | H2: =XLOOKUP($B2,'GTA Eligible'!$B$2:$B$16,'GTA Eligible'!$H$2:$H$16,"") | I2: =XLOOKUP($B2,'GTA Eligible'!$B$2:$B$16,'GTA Eligible'!$I$2:$I$16,"") | J2: =XLOOKUP($B2,'GTA Eligible'!$B$2:$B$16,'GTA Eligible'!$J$2:$J$16,"") | K2: =XLOOKUP($B2,'GTA Eligible'!$B$2:$B$16,'GTA Eligible'!$K$2:$K$16,"") | L2: =XLOOKUP($B2,'GTA Eligible'!$B$2:$B$16,'GTA Eligible'!$L$2:$L$16,"") | M2: =XLOOKUP($B2,'GTA Eligible'!$B$2:$B$16,'GTA Eligible'!$M$2:$M$16,"") | N2: =XLOOKUP($B2,'GTA Eligible'!$B$2:$B$16,'GTA Eligible'!$N$2:$N$16,"") | O2: =XLOOKUP($B2,'GTA Eligible'!$B$2:$B$16,'GTA Eligible'!$O$2:$O$16,"") | P2: =XLOOKUP($B2,'GTA Eligible'!$B$2:$B$16,'GTA Eligible'!$P$2:$P$16,"")
A3: =XLOOKUP($B3,'GTA Eligible'!$B$2:$B$16,'GTA Eligible'!$A$2:$A$16,"") | B3: 1873 | C3: =XLOOKUP($B3,'GTA Eligible'!$B$2:$B$16,'GTA Eligible'!$C$2:$C$16,"") | D3: =XLOOKUP($B3,'GTA Eligible'!$B$2:$B$16,'GTA Eligible'!$D$2:$D$16,"") | E3: =XLOOKUP($B3,'GTA Eligible'!$B$2:$B$16,'GTA Eligible'!$E$2:$E$16,"") | F3: =XLOOKUP($B3,'GTA Eligible'!$B$2:$B$16,'GTA Eligible'!$F$2:$F$16,"") | G3: =XLOOKUP($B3,'GTA Eligible'!$B$2:$B$16,'GTA Eligible'!$G$2:$G$16,"") | H3: =XLOOKUP($B3,'GTA Eligible'!$B$2:$B$16,'GTA Eligible'!$H$2:$H$16,"") | I3: =XLOOKUP($B3,'GTA Eligible'!$B$2:$B$16,'GTA Eligible'!$I$2:$I$16,"") | J3: =XLOOKUP($B3,'GTA Eligible'!$B$2:$B$16,'GTA Eligible'!$J$2:$J$16,"") | K3: =XLOOKUP($B3,'GTA Eligible'!$B$2:$B$16,'GTA Eligible'!$K$2:$K$16,"") | L3: =XLOOKUP($B3,'GTA Eligible'!$B$2:$B$16,'GTA Eligible'!$L$2:$L$16,"") | M3: =XLOOKUP($B3,'GTA Eligible'!$B$2:$B$16,'GTA Eligible'!$M$2:$M$16,"") | N3: =XLOOKUP($B3,'GTA Eligible'!$B$2:$B$16,'GTA Eligible'!$N$2:$N$16,"") | O3: =XLOOKUP($B3,'GTA Eligible'!$B$2:$B$16,'GTA Eligible'!$O$2:$O$16,"") | P3: =XLOOKUP($B3,'GTA Eligible'!$B$2:$B$16,'GTA Eligible'!$P$2:$P$16,"")
A4: =XLOOKUP($B4,'GTA Eligible'!$B$2:$B$16,'GTA Eligible'!$A$2:$A$16,"") | B4: 1886 | C4: =XLOOKUP($B4,'GTA Eligible'!$B$2:$B$16,'GTA Eligible'!$C$2:$C$16,"") | D4: =XLOOKUP($B4,'GTA Eligible'!$B$2:$B$16,'GTA Eligible'!$D$2:$D$16,"") | E4: =XLOOKUP($B4,'GTA Eligible'!$B$2:$B$16,'GTA Eligible'!$E$2:$E$16,"") | F4: =XLOOKUP($B4,'GTA Eligible'!$B$2:$B$16,'GTA Eligible'!$F$2:$F$16,"") | G4: =XLOOKUP($B4,'GTA Eligible'!$B$2:$B$16,'GTA Eligible'!$G$2:$G$16,"") | H4: =XLOOKUP($B4,'GTA Eligible'!$B$2:$B$16,'GTA Eligible'!$H$2:$H$16,"") | I4: =XLOOKUP($B4,'GTA Eligible'!$B$2:$B$16,'GTA Eligible'!$I$2:$I$16,"") | J4: =XLOOKUP($B4,'GTA Eligible'!$B$2:$B$16,'GTA Eligible'!$J$2:$J$16,"") | K4: =XLOOKUP($B4,'GTA Eligible'!$B$2:$B$16,'GTA Eligible'!$K$2:$K$16,"") | L4: =XLOOKUP($B4,'GTA Eligible'!$B$2:$B$16,'GTA Eligible'!$L$2:$L$16,"") | M4: =XLOOKUP($B4,'GTA Eligible'!$B$2:$B$16,'GTA Eligible'!$M$2:$M$16,"") | N4: =XLOOKUP($B4,'GTA Eligible'!$B$2:$B$16,'GTA Eligible'!$N$2:$N$16,"") | O4: =XLOOKUP($B4,'GTA Eligible'!$B$2:$B$16,'GTA Eligible'!$O$2:$O$16,"") | P4: =XLOOKUP($B4,'GTA Eligible'!$B$2:$B$16,'GTA Eligible'!$P$2:$P$16,"")
A5: =XLOOKUP($B5,'GTA Eligible'!$B$2:$B$16,'GTA Eligible'!$A$2:$A$16,"") | B5: 1938 | C5: =XLOOKUP($B5,'GTA Eligible'!$B$2:$B$16,'GTA Eligible'!$C$2:$C$16,"") | D5: =XLOOKUP($B5,'GTA Eligible'!$B$2:$B$16,'GTA Eligible'!$D$2:$D$16,"") | E5: =XLOOKUP($B5,'GTA Eligible'!$B$2:$B$16,'GTA Eligible'!$E$2:$E$16,"") | F5: =XLOOKUP($B5,'GTA Eligible'!$B$2:$B$16,'GTA Eligible'!$F$2:$F$16,"") | G5: =XLOOKUP($B5,'GTA Eligible'!$B$2:$B$16,'GTA Eligible'!$G$2:$G$16,"") | H5: =XLOOKUP($B5,'GTA Eligible'!$B$2:$B$16,'GTA Eligible'!$H$2:$H$16,"") | I5: =XLOOKUP($B5,'GTA Eligible'!$B$2:$B$16,'GTA Eligible'!$I$2:$I$16,"") | J5: =XLOOKUP($B5,'GTA Eligible'!$B$2:$B$16,'GTA Eligible'!$J$2:$J$16,"") | K5: =XLOOKUP($B5,'GTA Eligible'!$B$2:$B$16,'GTA Eligible'!$K$2:$K$16,"") | L5: =XLOOKUP($B5,'GTA Eligible'!$B$2:$B$16,'GTA Eligible'!$L$2:$L$16,"") | M5: =XLOOKUP($B5,'GTA Eligible'!$B$2:$B$16,'GTA Eligible'!$M$2:$M$16,"") | N5: =XLOOKUP($B5,'GTA Eligible'!$B$2:$B$16,'GTA Eligible'!$N$2:$N$16,"") | O5: =XLOOKUP($B5,'GTA Eligible'!$B$2:$B$16,'GTA Eligible'!$O$2:$O$16,"") | P5: =XLOOKUP($B5,'GTA Eligible'!$B$2:$B$16,'GTA Eligible'!$P$2:$P$16,"")
A6: =XLOOKUP($B6,'GTA Eligible'!$B$2:$B$16,'GTA Eligible'!$A$2:$A$16,"") | B6: 1874 | C6: =XLOOKUP($B6,'GTA Eligible'!$B$2:$B$16,'GTA Eligible'!$C$2:$C$16,"") | D6: =XLOOKUP($B6,'GTA Eligible'!$B$2:$B$16,'GTA Eligible'!$D$2:$D$16,"") | E6: =XLOOKUP($B6,'GTA Eligible'!$B$2:$B$16,'GTA Eligible'!$E$2:$E$16,"") | F6: =XLOOKUP($B6,'GTA Eligible'!$B$2:$B$16,'GTA Eligible'!$F$2:$F$16,"") | G6: =XLOOKUP($B6,'GTA Eligible'!$B$2:$B$16,'GTA Eligible'!$G$2:$G$16,"") | H6: =XLOOKUP($B6,'GTA Eligible'!$B$2:$B$16,'GTA Eligible'!$H$2:$H$16,"") | I6: =XLOOKUP($B6,'GTA Eligible'!$B$2:$B$16,'GTA Eligible'!$I$2:$I$16,"") | J6: =XLOOKUP($B6,'GTA Eligible'!$B$2:$B$16,'GTA Eligible'!$J$2:$J$16,"") | K6: =XLOOKUP($B6,'GTA Eligible'!$B$2:$B$16,'GTA Eligible'!$K$2:$K$16,"") | L6: =XLOOKUP($B6,'GTA Eligible'!$B$2:$B$16,'GTA Eligible'!$L$2:$L$16,"") | M6: =XLOOKUP($B6,'GTA Eligible'!$B$2:$B$16,'GTA Eligible'!$M$2:$M$16,"") | N6: =XLOOKUP($B6,'GTA Eligible'!$B$2:$B$16,'GTA Eligible'!$N$2:$N$16,"") | O6: =XLOOKUP($B6,'GTA Eligible'!$B$2:$B$16,'GTA Eligible'!$O$2:$O$16,"") | P6: =XLOOKUP($B6,'GTA Eligible'!$B$2:$B$16,'GTA Eligible'!$P$2:$P$16,"")
A7: =XLOOKUP($B7,'GTA Eligible'!$B$2:$B$16,'GTA Eligible'!$A$2:$A$16,"") | B7: 1875 | C7: =XLOOKUP($B7,'GTA Eligible'!$B$2:$B$16,'GTA Eligible'!$C$2:$C$16,"") | D7: =XLOOKUP($B7,'GTA Eligible'!$B$2:$B$16,'GTA Eligible'!$D$2:$D$16,"") | E7: =XLOOKUP($B7,'GTA Eligible'!$B$2:$B$16,'GTA Eligible'!$E$2:$E$16,"") | F7: =XLOOKUP($B7,'GTA Eligible'!$B$2:$B$16,'GTA Eligible'!$F$2:$F$16,"") | G7: =XLOOKUP($B7,'GTA Eligible'!$B$2:$B$16,'GTA Eligible'!$G$2:$G$16,"") | H7: =XLOOKUP($B7,'GTA Eligible'!$B$2:$B$16,'GTA Eligible'!$H$2:$H$16,"") | I7: =XLOOKUP($B7,'GTA Eligible'!$B$2:$B$16,'GTA Eligible'!$I$2:$I$16,"") | J7: =XLOOKUP($B7,'GTA Eligible'!$B$2:$B$16,'GTA Eligible'!$J$2:$J$16,"") | K7: =XLOOKUP($B7,'GTA Eligible'!$B$2:$B$16,'GTA Eligible'!$K$2:$K$16,"") | L7: =XLOOKUP($B7,'GTA Eligible'!$B$2:$B$16,'GTA Eligible'!$L$2:$L$16,"") | M7: =XLOOKUP($B7,'GTA Eligible'!$B$2:$B$16,'GTA Eligible'!$M$2:$M$16,"") | N7: =XLOOKUP($B7,'GTA Eligible'!$B$2:$B$16,'GTA Eligible'!$N$2:$N$16,"") | O7: =XLOOKUP($B7,'GTA Eligible'!$B$2:$B$16,'GTA Eligible'!$O$2:$O$16,"") | P7: =XLOOKUP($B7,'GTA Eligible'!$B$2:$B$16,'GTA Eligible'!$P$2:$P$16,"")
A8: =XLOOKUP($B8,'GTA Eligible'!$B$2:$B$16,'GTA Eligible'!$A$2:$A$16,"") | B8: 1878 | C8: =XLOOKUP($B8,'GTA Eligible'!$B$2:$B$16,'GTA Eligible'!$C$2:$C$16,"") | D8: =XLOOKUP($B8,'GTA Eligible'!$B$2:$B$16,'GTA Eligible'!$D$2:$D$16,"") | E8: =XLOOKUP($B8,'GTA Eligible'!$B$2:$B$16,'GTA Eligible'!$E$2:$E$16,"") | F8: =XLOOKUP($B8,'GTA Eligible'!$B$2:$B$16,'GTA Eligible'!$F$2:$F$16,"") | G8: =XLOOKUP($B8,'GTA Eligible'!$B$2:$B$16,'GTA Eligible'!$G$2:$G$16,"") | H8: =XLOOKUP($B8,'GTA Eligible'!$B$2:$B$16,'GTA Eligible'!$H$2:$H$16,"") | I8: =XLOOKUP($B8,'GTA Eligible'!$B$2:$B$16,'GTA Eligible'!$I$2:$I$16,"") | J8: =XLOOKUP($B8,'GTA Eligible'!$B$2:$B$16,'GTA Eligible'!$J$2:$J$16,"") | K8: =XLOOKUP($B8,'GTA Eligible'!$B$2:$B$16,'GTA Eligible'!$K$2:$K$16,"") | L8: =XLOOKUP($B8,'GTA Eligible'!$B$2:$B$16,'GTA Eligible'!$L$2:$L$16,"") | M8: =XLOOKUP($B8,'GTA Eligible'!$B$2:$B$16,'GTA Eligible'!$M$2:$M$16,"") | N8: =XLOOKUP($B8,'GTA Eligible'!$B$2:$B$16,'GTA Eligible'!$N$2:$N$16,"") | O8: =XLOOKUP($B8,'GTA Eligible'!$B$2:$B$16,'GTA Eligible'!$O$2:$O$16,"") | P8: =XLOOKUP($B8,'GTA Eligible'!$B$2:$B$16,'GTA Eligible'!$P$2:$P$16,"")
A9: =XLOOKUP($B9,'GTA Eligible'!$B$2:$B$16,'GTA Eligible'!$A$2:$A$16,"") | B9: 1879 | C9: =XLOOKUP($B9,'GTA Eligible'!$B$2:$B$16,'GTA Eligible'!$C$2:$C$16,"") | D9: =XLOOKUP($B9,'GTA Eligible'!$B$2:$B$16,'GTA Eligible'!$D$2:$D$16,"") | E9: =XLOOKUP($B9,'GTA Eligible'!$B$2:$B$16,'GTA Eligible'!$E$2:$E$16,"") | F9: =XLOOKUP($B9,'GTA Eligible'!$B$2:$B$16,'GTA Eligible'!$F$2:$F$16,"") | G9: =XLOOKUP($B9,'GTA Eligible'!$B$2:$B$16,'GTA Eligible'!$G$2:$G$16,"") | H9: =XLOOKUP($B9,'GTA Eligible'!$B$2:$B$16,'GTA Eligible'!$H$2:$H$16,"") | I9: =XLOOKUP($B9,'GTA Eligible'!$B$2:$B$16,'GTA Eligible'!$I$2:$I$16,"") | J9: =XLOOKUP($B9,'GTA Eligible'!$B$2:$B$16,'GTA Eligible'!$J$2:$J$16,"") | K9: =XLOOKUP($B9,'GTA Eligible'!$B$2:$B$16,'GTA Eligible'!$K$2:$K$16,"") | L9: =XLOOKUP($B9,'GTA Eligible'!$B$2:$B$16,'GTA Eligible'!$L$2:$L$16,"") | M9: =XLOOKUP($B9,'GTA Eligible'!$B$2:$B$16,'GTA Eligible'!$M$2:$M$16,"") | N9: =XLOOKUP($B9,'GTA Eligible'!$B$2:$B$16,'GTA Eligible'!$N$2:$N$16,"") | O9: =XLOOKUP($B9,'GTA Eligible'!$B$2:$B$16,'GTA Eligible'!$O$2:$O$16,"") | P9: =XLOOKUP($B9,'GTA Eligible'!$B$2:$B$16,'GTA Eligible'!$P$2:$P$16,"")
A10: =XLOOKUP($B10,'GTA Eligible'!$B$2:$B$16,'GTA Eligible'!$A$2:$A$16,"") | B10: 2238 | C10: =XLOOKUP($B10,'GTA Eligible'!$B$2:$B$16,'GTA Eligible'!$C$2:$C$16,"") | D10: =XLOOKUP($B10,'GTA Eligible'!$B$2:$B$16,'GTA Eligible'!$D$2:$D$16,"") | E10: =XLOOKUP($B10,'GTA Eligible'!$B$2:$B$16,'GTA Eligible'!$E$2:$E$16,"") | F10: =XLOOKUP($B10,'GTA Eligible'!$B$2:$B$16,'GTA Eligible'!$F$2:$F$16,"") | G10: =XLOOKUP($B10,'GTA Eligible'!$B$2:$B$16,'GTA Eligible'!$G$2:$G$16,"") | H10: =XLOOKUP($B10,'GTA Eligible'!$B$2:$B$16,'GTA Eligible'!$H$2:$H$16,"") | I10: =XLOOKUP($B10,'GTA Eligible'!$B$2:$B$16,'GTA Eligible'!$I$2:$I$16,"") | J10: =XLOOKUP($B10,'GTA Eligible'!$B$2:$B$16,'GTA Eligible'!$J$2:$J$16,"") | K10: =XLOOKUP($B10,'GTA Eligible'!$B$2:$B$16,'GTA Eligible'!$K$2:$K$16,"") | L10: =XLOOKUP($B10,'GTA Eligible'!$B$2:$B$16,'GTA Eligible'!$L$2:$L$16,"") | M10: =XLOOKUP($B10,'GTA Eligible'!$B$2:$B$16,'GTA Eligible'!$M$2:$M$16,"") | N10: =XLOOKUP($B10,'GTA Eligible'!$B$2:$B$16,'GTA Eligible'!$N$2:$N$16,"") | O10: =XLOOKUP($B10,'GTA Eligible'!$B$2:$B$16,'GTA Eligible'!$O$2:$O$16,"") | P10: =XLOOKUP($B10,'GTA Eligible'!$B$2:$B$16,'GTA Eligible'!$P$2:$P$16,"")
A11: =XLOOKUP($B11,'GTA Eligible'!$B$2:$B$16,'GTA Eligible'!$A$2:$A$16,"") | B11: 1884 | C11: =XLOOKUP($B11,'GTA Eligible'!$B$2:$B$16,'GTA Eligible'!$C$2:$C$16,"") | D11: =XLOOKUP($B11,'GTA Eligible'!$B$2:$B$16,'GTA Eligible'!$D$2:$D$16,"") | E11: =XLOOKUP($B11,'GTA Eligible'!$B$2:$B$16,'GTA Eligible'!$E$2:$E$16,"") | F11: =XLOOKUP($B11,'GTA Eligible'!$B$2:$B$16,'GTA Eligible'!$F$2:$F$16,"") | G11: =XLOOKUP($B11,'GTA Eligible'!$B$2:$B$16,'GTA Eligible'!$G$2:$G$16,"") | H11: =XLOOKUP($B11,'GTA Eligible'!$B$2:$B$16,'GTA Eligible'!$H$2:$H$16,"") | I11: =XLOOKUP($B11,'GTA Eligible'!$B$2:$B$16,'GTA Eligible'!$I$2:$I$16,"") | J11: =XLOOKUP($B11,'GTA Eligible'!$B$2:$B$16,'GTA Eligible'!$J$2:$J$16,"") | K11: =XLOOKUP($B11,'GTA Eligible'!$B$2:$B$16,'GTA Eligible'!$K$2:$K$16,"") | L11: =XLOOKUP($B11,'GTA Eligible'!$B$2:$B$16,'GTA Eligible'!$L$2:$L$16,"") | M11: =XLOOKUP($B11,'GTA Eligible'!$B$2:$B$16,'GTA Eligible'!$M$2:$M$16,"") | N11: =XLOOKUP($B11,'GTA Eligible'!$B$2:$B$16,'GTA Eligible'!$N$2:$N$16,"") | O11: =XLOOKUP($B11,'GTA Eligible'!$B$2:$B$16,'GTA Eligible'!$O$2:$O$16,"") | P11: =XLOOKUP($B11,'GTA Eligible'!$B$2:$B$16,'GTA Eligible'!$P$2:$P$16,"")
A12: =XLOOKUP($B12,'GTA Eligible'!$B$2:$B$16,'GTA Eligible'!$A$2:$A$16,"") | B12: 1197 | C12: =XLOOKUP($B12,'GTA Eligible'!$B$2:$B$16,'GTA Eligible'!$C$2:$C$16,"") | D12: =XLOOKUP($B12,'GTA Eligible'!$B$2:$B$16,'GTA Eligible'!$D$2:$D$16,"") | E12: =XLOOKUP($B12,'GTA Eligible'!$B$2:$B$16,'GTA Eligible'!$E$2:$E$16,"") | F12: =XLOOKUP($B12,'GTA Eligible'!$B$2:$B$16,'GTA Eligible'!$F$2:$F$16,"") | G12: =XLOOKUP($B12,'GTA Eligible'!$B$2:$B$16,'GTA Eligible'!$G$2:$G$16,"") | H12: =XLOOKUP($B12,'GTA Eligible'!$B$2:$B$16,'GTA Eligible'!$H$2:$H$16,"") | I12: =XLOOKUP($B12,'GTA Eligible'!$B$2:$B$16,'GTA Eligible'!$I$2:$I$16,"") | J12: =XLOOKUP($B12,'GTA Eligible'!$B$2:$B$16,'GTA Eligible'!$J$2:$J$16,"") | K12: =XLOOKUP($B12,'GTA Eligible'!$B$2:$B$16,'GTA Eligible'!$K$2:$K$16,"") | L12: =XLOOKUP($B12,'GTA Eligible'!$B$2:$B$16,'GTA Eligible'!$L$2:$L$16,"") | M12: =XLOOKUP($B12,'GTA Eligible'!$B$2:$B$16,'GTA Eligible'!$M$2:$M$16,"") | N12: =XLOOKUP($B12,'GTA Eligible'!$B$2:$B$16,'GTA Eligible'!$N$2:$N$16,"") | O12: =XLOOKUP($B12,'GTA Eligible'!$B$2:$B$16,'GTA Eligible'!$O$2:$O$16,"") | P12: =XLOOKUP($B12,'GTA Eligible'!$B$2:$B$16,'GTA Eligible'!$P$2:$P$16,"")
A13: =XLOOKUP($B13,'GTA Eligible'!$B$2:$B$16,'GTA Eligible'!$A$2:$A$16,"") | B13: 1882 | C13: =XLOOKUP($B13,'GTA Eligible'!$B$2:$B$16,'GTA Eligible'!$C$2:$C$16,"") | D13: =XLOOKUP($B13,'GTA Eligible'!$B$2:$B$16,'GTA Eligible'!$D$2:$D$16,"") | E13: =XLOOKUP($B13,'GTA Eligible'!$B$2:$B$16,'GTA Eligible'!$E$2:$E$16,"") | F13: =XLOOKUP($B13,'GTA Eligible'!$B$2:$B$16,'GTA Eligible'!$F$2:$F$16,"") | G13: =XLOOKUP($B13,'GTA Eligible'!$B$2:$B$16,'GTA Eligible'!$G$2:$G$16,"") | H13: =XLOOKUP($B13,'GTA Eligible'!$B$2:$B$16,'GTA Eligible'!$H$2:$H$16,"") | I13: =XLOOKUP($B13,'GTA Eligible'!$B$2:$B$16,'GTA Eligible'!$I$2:$I$16,"") | J13: =XLOOKUP($B13,'GTA Eligible'!$B$2:$B$16,'GTA Eligible'!$J$2:$J$16,"") | K13: =XLOOKUP($B13,'GTA Eligible'!$B$2:$B$16,'GTA Eligible'!$K$2:$K$16,"") | L13: =XLOOKUP($B13,'GTA Eligible'!$B$2:$B$16,'GTA Eligible'!$L$2:$L$16,"") | M13: =XLOOKUP($B13,'GTA Eligible'!$B$2:$B$16,'GTA Eligible'!$M$2:$M$16,"") | N13: =XLOOKUP($B13,'GTA Eligible'!$B$2:$B$16,'GTA Eligible'!$N$2:$N$16,"") | O13: =XLOOKUP($B13,'GTA Eligible'!$B$2:$B$16,'GTA Eligible'!$O$2:$O$16,"") | P13: =XLOOKUP($B13,'GTA Eligible'!$B$2:$B$16,'GTA Eligible'!$P$2:$P$16,"")
... A16: =XLOOKUP($B16,'GTA Eligible'!$B$2:$B$16,'GTA Eligible'!$A$2:$A$16,"") | B16: 1198 | C16: =XLOOKUP($B16,'GTA Eligible'!$B$2:$B$16,'GTA Eligible'!$C$2:$C$16,"") | D16: =XLOOKUP($B16,'GTA Eligible'!$B$2:$B$16,'GTA Eligible'!$D$2:$D$16,"") | E16: =XLOOKUP($B16,'GTA Eligible'!$B$2:$B$16,'GTA Eligible'!$E$2:$E$16,"") | F16: =XLOOKUP($B16,'GTA Eligible'!$B$2:$B$16,'GTA Eligible'!$F$2:$F$16,"") | G16: =XLOOKUP($B16,'GTA Eligible'!$B$2:$B$16,'GTA Eligible'!$G$2:$G$16,"") | H16: =XLOOKUP($B16,'GTA Eligible'!$B$2:$B$16,'GTA Eligible'!$H$2:$H$16,"") | I16: =XLOOKUP($B16,'GTA Eligible'!$B$2:$B$16,'GTA Eligible'!$I$2:$I$16,"") | J16: =XLOOKUP($B16,'GTA Eligible'!$B$2:$B$16,'GTA Eligible'!$J$2:$J$16,"") | K16: =XLOOKUP($B16,'GTA Eligible'!$B$2:$B$16,'GTA Eligible'!$K$2:$K$16,"") | L16: =XLOOKUP($B16,'GTA Eligible'!$B$2:$B$16,'GTA Eligible'!$L$2:$L$16,"") | M16: =XLOOKUP($B16,'GTA Eligible'!$B$2:$B$16,'GTA Eligible'!$M$2:$M$16,"") | N16: =XLOOKUP($B16,'GTA Eligible'!$B$2:$B$16,'GTA Eligible'!$N$2:$N$16,"") | O16: =XLOOKUP($B16,'GTA Eligible'!$B$2:$B$16,'GTA Eligible'!$O$2:$O$16,"") | P16: =XLOOKUP($B16,'GTA Eligible'!$B$2:$B$16,'GTA Eligible'!$P$2:$P$16,"")

Sheet Time Conflicts
A1: CRN | B1: 2141 | C1: 1873 | D1: 1886 | E1: 1938 | F1: 1874 | G1: 1875 | H1: 1878 | I1: 1879 | J1: 2238 | K1: 1884 | L1: 1197 | M1: 1882 | N1: 1937 | O1: 1898 | P1: 1198
A2: 2141 | B2: TRUE | C2: TRUE | D2: TRUE | E2: TRUE | F2: TRUE | G2: TRUE | H2: TRUE | I2: TRUE | J2: TRUE | K2: TRUE | L2: TRUE | M2: TRUE | N2: TRUE | O2: TRUE | P2: TRUE
A3: 1873 | B3: TRUE | C3: TRUE | D3: TRUE | E3: TRUE | F3: TRUE | G3: TRUE | H3: TRUE | I3: TRUE | J3: TRUE | K3: FALSE | L3: TRUE | M3: TRUE | N3: TRUE | O3: TRUE | P3: TRUE
A4: 1886 | B4: TRUE | C4: TRUE | D4: TRUE | E4: TRUE | F4: TRUE | G4: TRUE | H4: TRUE | I4: TRUE | J4: TRUE | K4: TRUE | L4: TRUE | M4: TRUE | N4: TRUE | O4: TRUE | P4: TRUE
A5: 1938 | B5: TRUE | C5: TRUE | D5: TRUE | E5: TRUE | F5: TRUE | G5: FALSE | H5: TRUE | I5: FALSE | J5: TRUE | K5: TRUE | L5: TRUE | M5: TRUE | N5: TRUE | O5: TRUE | P5: TRUE
A6: 1874 | B6: TRUE | C6: TRUE | D6: TRUE | E6: TRUE | F6: TRUE | G6: TRUE | H6: TRUE | I6: TRUE | J6: TRUE | K6: TRUE | L6: FALSE | M6: TRUE | N6: TRUE | O6: TRUE | P6: TRUE
A7: 1875 | B7: TRUE | C7: TRUE | D7: TRUE | E7: FALSE | F7: TRUE | G7: TRUE | H7: TRUE | I7: FALSE | J7: TRUE | K7: TRUE | L7: TRUE | M7: TRUE | N7: FALSE | O7: TRUE | P7: TRUE
A8: 1878 | B8: TRUE | C8: TRUE | D8: TRUE | E8: TRUE | F8: TRUE | G8: TRUE | H8: TRUE | I8: TRUE | J8: TRUE | K8: TRUE | L8: TRUE | M8: TRUE | N8: TRUE | O8: TRUE | P8: TRUE
A9: 1879 | B9: TRUE | C9: TRUE | D9: TRUE | E9: FALSE | F9: TRUE | G9: FALSE | H9: TRUE | I9: TRUE | J9: TRUE | K9: TRUE | L9: TRUE | M9: TRUE | N9: FALSE | O9: TRUE | P9: TRUE
A10: 2238 | B10: TRUE | C10: TRUE | D10: TRUE | E10: TRUE | F10: TRUE | G10: TRUE | H10: TRUE | I10: TRUE | J10: TRUE | K10: TRUE | L10: TRUE | M10: TRUE | N10: TRUE | O10: TRUE | P10: TRUE
A11: 1884 | B11: TRUE | C11: FALSE | D11: TRUE | E11: TRUE | F11: TRUE | G11: TRUE | H11: TRUE | I11: TRUE | J11: TRUE | K11: TRUE | L11: TRUE | M11: FALSE | N11: TRUE | O11: TRUE | P11: TRUE
A12: 1197 | B12: TRUE | C12: TRUE | D12: TRUE | E12: TRUE | F12: FALSE | G12: TRUE | H12: TRUE | I12: TRUE | J12: TRUE | K12: TRUE | L12: TRUE | M12: TRUE | N12: TRUE | O12: TRUE | P12: TRUE
... A16: 1198 | B16: TRUE | C16: TRUE | D16: TRUE | E16: TRUE | F16: TRUE | G16: TRUE | H16: TRUE | I16: TRUE | J16: TRUE | K16: TRUE | L16: TRUE | M16: TRUE | N16: TRUE | O16: TRUE | P16: TRUE
